1|\Resources\Images\sheraton1.jpg|2|Accommodation
2|\Resources\Images\pupin1.png|3|Accommodation
4|\Resources\Images\horizonti1.jpg|1|Accommodation
5|\Resources\Images\horizonti2.jpg|1|Accommodation
6|\Resources\Images\pupin2.jpg|3|Accommodation
7|\Resources\Images\pupin3.jpg|3|Accommodation
8|\Resources\Images\pupin4.jpg|3|Accommodation
9|\Resources\Images\pupin5.jpg|3|Accommodation
10|\Resources\Images\habbo1.jpg|4|Accommodation
11|\Resources\Images\habbo2.jpg|4|Accommodation
21|\Resources\Images\terme1.jpg|6|Accommodation
22|\Resources\Images\terme2.jpg|6|Accommodation
23|\Resources\Images\terme3.jpg|6|Accommodation
27|\Resources\Images\turkey.jpg|1|Tour
28|\Resources\Images\turkey2.jpg|2|Tour
29|\Resources\Images\budapest.jpg|3|Tour
30|\Resources\Images\barcelona.jpg|4|Tour
31|\Resources\Images\palermo-test.jpg|5|Tour
32|\Resources\Images\futog.jpg|6|Tour
33|\Resources\Images\ns.jpg|7|Tour
34|\Resources\Images\begec.jpg|8|Tour
35|\Resources\Images\horizonti3.jpg|1|Accommodation
36|\Resources\Images\horizonti4.jpg|1|Accommodation
37|\Resources\Images\horizonti5.jpg|1|Accommodation
38|\Resources\Images\horizonti6.jpg|1|Accommodation
39|\Resources\Images\horizonti7.jpg|1|Accommodation
40|\Resources\Images\horizonti8.jpeg|1|Accommodation
41|\Resources\Images\horizonti9.jpg|1|Accommodation
42|\Resources\Images\horizonti10.jpg|1|Accommodation
43|\Resources\Images\zaomboid1.png|7|Accommodation
44|\Resources\Images\zomboid1 (6).png|7|Accommodation
45|\Resources\Images\zomboid1 (7).png|7|Accommodation
46|\Resources\Images\zomboid2.png|7|Accommodation
47|\Resources\Images\zomboid3.png|7|Accommodation
48|\Resources\Images\budapest.jpg|21|TourReview
49|\Resources\Images\calendar.png|24|TourReview
50|\Resources\Images\checkpoint.png|25|TourReview
51|\Resources\Images\barcelona.jpg|25|TourReview
52|\Resources\Images\habbo2.jpg|24|TourReview
53|\Resources\Images\group.png|21|TourReview
54|\Resources\Images\capacity.png|21|TourReview
55|\Resources\Images\calendar.png|25|TourReview
56|\Resources\Images\futog.jpg|9|Tour
57|\Resources\Images\futog.jpg|10|Tour
58|\Resources\Images\futog.jpg|11|Tour
59|\Resources\Images\futog.jpg|12|Tour
60|\Resources\Images\futog.jpg|13|Tour
61|\Resources\Images\budapest.jpg|14|Tour
62|\Resources\Images\ns.jpg|1|Tour
63|\Resources\Images\approved.png|1|TourReview
64|\Resources\Images\begec.jpg|2|Tour
65|\Resources\Images\budapest.jpg|1|TourReview
66|\Resources\Images\budapest.jpg|2|TourReview
67|\Resources\Images\futog.jpg|3|Tour
68|\Resources\Images\jedan.png|3|TourReview
69|\Resources\Images\pupin3.jpg|3|TourReview
